[
  {
    "npsn": 2010247,
    "nama_sekolah": "SLB C DIan Kusuma",
    "alamat": "Green Garden Blok A3 No. 14",
    "kelurahan": "Kedoya Utara",
    "kecamatan": "Kebon Jeruk",
    "jumlah_siswa": 40,
    "jumlah_guru": 13,
    "kepala_sekolah": "Yuli Siswanti",
    "telp_sekolah": "021 58302037",
    "akreditasi": "B",
    "latitude": "",
    "longitude": ""
  },
  {
    "npsn": 20102422,
    "nama_sekolah": "SLB Santi Rama (SMP/SMA)",
    "alamat": "Jl. Raya Fatmawati",
    "kelurahan": "Cipete Selatan",
    "kecamatan": "Cilandak",
    "jumlah_siswa": 95,
    "jumlah_guru": 23,
    "kepala_sekolah": "Suwandi",
    "telp_sekolah": "021 75914404",
    "akreditasi": "A",
    "latitude": "",
    "longitude": ""
  },
  {
    "npsn": 20102737,
    "nama_sekolah": "SLB Santi Rama",
    "alamat": "Jln. RS.Fatmawati",
    "kelurahan": "Cipete Selatan",
    "kecamatan": "Cilandak",
    "jumlah_siswa": 99,
    "jumlah_guru": 23,
    "kepala_sekolah": "A.DADANG KARTAMIHARDJA",
    "telp_sekolah": "021 7694741",
    "akreditasi": "A",
    "latitude": -6.27531,
    "longitude": 106.797791
  },
  {
    "npsn": 20103040,
    "nama_sekolah": "SLB Khrisna Murti",
    "alamat": "Jl. Masjid Darussalam Gg. Saidi Guru Blok A",
    "kelurahan": "Gandaria Utara",
    "kecamatan": "Kebayoran Baru",
    "jumlah_siswa": 0,
    "jumlah_guru": 10,
    "kepala_sekolah": "Dra. Chairani Parinduri",
    "telp_sekolah": "021 7393721",
    "akreditasi": "Tidak Terakreditasi",
    "latitude": "",
    "longitude": ""
  },
  {
    "npsn": 20103041,
    "nama_sekolah": "SLB C 1 Autis Mutiara",
    "alamat": "Jl. Nangka VI No 65",
    "kelurahan": "Cipete Utara",
    "kecamatan": "Kebayoran Baru",
    "jumlah_siswa": 0,
    "jumlah_guru": 7,
    "kepala_sekolah": "Drs. Juanda",
    "telp_sekolah": "021 7393394",
    "akreditasi": "B",
    "latitude": "",
    "longitude": ""
  },
  {
    "npsn": 20103053,
    "nama_sekolah": "SDLB C Budi Waluyo",
    "alamat": "Jl. Bangka Raya Gg. H. Nawar No. 5",
    "kelurahan": "Petogogan",
    "kecamatan": "Kebayoran Baru",
    "jumlah_siswa": 3,
    "jumlah_guru": 3,
    "kepala_sekolah": "Iswantoro, S. Pd",
    "telp_sekolah": "021 71790839",
    "akreditasi": "A",
    "latitude": "",
    "longitude": ""
  },
  {
    "npsn": 20103054,
    "nama_sekolah": "SLB C Wimar Asih",
    "alamat": "Jl. Pejaten Barat No. 24",
    "kelurahan": "Ragunan",
    "kecamatan": "Pasar Minggu",
    "jumlah_siswa": 71,
    "jumlah_guru": 4,
    "kepala_sekolah": "Lenny E. Kotambunan, SE, MM",
    "telp_sekolah": "021 78841384",
    "akreditasi": "A",
    "latitude": "",
    "longitude": ""
  },
  {
    "npsn": 20103056,
    "nama_sekolah": "SDLB Nurasih",
    "alamat": "Jl. H. Salim Rawapapan",
    "kelurahan": "Bintaro",
    "kecamatan": "Pesanggrahan",
    "jumlah_siswa": 0,
    "jumlah_guru": 8,
    "kepala_sekolah": "Drs. Mustam, M.Pd",
    "telp_sekolah": "021 7353657",
    "akreditasi": "A",
    "latitude": "",
    "longitude": ""
  },
  {
    "npsn": 20103057,
    "nama_sekolah": "SDLB C Autis Mandiri",
    "alamat": "Jl. Jalak XI Blok C 1 No. 9",
    "kelurahan": "Bintaro",
    "kecamatan": "Pesanggrahan",
    "jumlah_siswa": 0,
    "jumlah_guru": 4,
    "kepala_sekolah": "Banban Mulyana.S>Pd",
    "telp_sekolah": "021 7342445",
    "akreditasi": "Tidak Terakreditasi",
    "latitude": "",
    "longitude": ""
  },
  {
    "npsn": 20103058,
    "nama_sekolah": "SLB B-C Sumber Budi",
    "alamat": "Jl. Impres No. 15",
    "kelurahan": "Petukangan Selatan",
    "kecamatan": "Pesanggrahan",
    "jumlah_siswa": 85,
    "jumlah_guru": 12,
    "kepala_sekolah": "M. Bachrun, M.Pd",
    "telp_sekolah": "021 7341849",
    "akreditasi": "B",
    "latitude": "",
    "longitude": ""
  },
  {
    "npsn": 20103059,
    "nama_sekolah": "SLB Swakarya",
    "alamat": "Jl. Mampang Prapatan XVIII No. 45",
    "kelurahan": "Duren Tiga",
    "kecamatan": "Pancoran",
    "jumlah_siswa": 43,
    "jumlah_guru": 8,
    "kepala_sekolah": "Sukimin, M.Pd",
    "telp_sekolah": "021 7988349",
    "akreditasi": "Tidak Terakreditasi",
    "latitude": "",
    "longitude": ""
  },
  {
    "npsn": 20103061,
    "nama_sekolah": "SLB Winasis",
    "alamat": "Jl. Tebet Utara 3A No. 2",
    "kelurahan": "Tebet Timur",
    "kecamatan": "Tebet",
    "jumlah_siswa": 40,
    "jumlah_guru": 9,
    "kepala_sekolah": "MUSTOFA",
    "telp_sekolah": "021 8316637",
    "akreditasi": "B",
    "latitude": "",
    "longitude": ""
  },
  {
    "npsn": 20103062,
    "nama_sekolah": "SLB-C Asih Budi I",
    "alamat": "Jl. Patra Kuningan XI",
    "kelurahan": "Menteng Dalam",
    "kecamatan": "Tebet",
    "jumlah_siswa": 15,
    "jumlah_guru": 5,
    "kepala_sekolah": "M. AZAM FADLOLIE",
    "telp_sekolah": "021 8295169",
    "akreditasi": "B",
    "latitude": "",
    "longitude": ""
  },
  {
    "npsn": 20103063,
    "nama_sekolah": "SLB BC Zinnia",
    "alamat": "Jl. Tebet Barat I No. 1",
    "kelurahan": "Tebet Barat",
    "kecamatan": "Tebet",
    "jumlah_siswa": 44,
    "jumlah_guru": 14,
    "kepala_sekolah": "Galuh Tufani S.Pdi.",
    "telp_sekolah": "021 8294024",
    "akreditasi": "Tidak Terakreditasi",
    "latitude": "",
    "longitude": ""
  },
  {
    "npsn": 20103066,
    "nama_sekolah": "SLB Pribadi Mandiri",
    "alamat": "Kav.Polri B - 6",
    "kelurahan": "Ragunan",
    "kecamatan": "Pasar Minggu",
    "jumlah_siswa": 0,
    "jumlah_guru": 3,
    "kepala_sekolah": "Masriyani",
    "telp_sekolah": "021 78840183",
    "akreditasi": "C",
    "latitude": "",
    "longitude": ""
  },
  {
    "npsn": 20103066,
    "nama_sekolah": "SLB Pribadi Mandiri",
    "alamat": "JL. KAHFI I",
    "kelurahan": "Ragunan",
    "kecamatan": "Pasar Minggu",
    "jumlah_siswa": 0,
    "jumlah_guru": "",
    "kepala_sekolah": "",
    "telp_sekolah": "",
    "akreditasi": "A",
    "latitude": "",
    "longitude": ""
  },
  {
    "npsn": 20103083,
    "nama_sekolah": "SLB Sana Dharma",
    "alamat": "Jl. Taman Wijaya Kusuma III Gg. H. Sidiq",
    "kelurahan": "Cilandak Barat",
    "kecamatan": "Cilandak",
    "jumlah_siswa": 60,
    "jumlah_guru": 11,
    "kepala_sekolah": "Sri Martanti,S.Pd",
    "telp_sekolah": "021 7668527",
    "akreditasi": "B",
    "latitude": -6.3032,
    "longitude": 106.7985
  },
  {
    "npsn": 20103087,
    "nama_sekolah": "SLB B-C Nur Abadi",
    "alamat": "Jl. Jagakarsa I No. 17",
    "kelurahan": "Jagakarsa",
    "kecamatan": "Jagakarsa",
    "jumlah_siswa": 77,
    "jumlah_guru": 19,
    "kepala_sekolah": "DRA. SYAM HARTATI",
    "telp_sekolah": "021 7874768",
    "akreditasi": "B",
    "latitude": "",
    "longitude": ""
  },
  {
    "npsn": 20103089,
    "nama_sekolah": "SLB Negeri 02 Jakarta",
    "alamat": "JL. Medis NO. 49",
    "kelurahan": "Srengseng Sawah",
    "kecamatan": "Jagakarsa",
    "jumlah_siswa": 276,
    "jumlah_guru": 61,
    "kepala_sekolah": "DALIMAN, S.Pd",
    "telp_sekolah": "021 78891466",
    "akreditasi": "A",
    "latitude": -6.3369,
    "longitude": 106.832382
  },
  {
    "npsn": 20103099,
    "nama_sekolah": "SLB Pembina Tingkat Nasional",
    "alamat": "PERTANIAN RAYA",
    "kelurahan": "Lebak Bulus",
    "kecamatan": "Cilandak",
    "jumlah_siswa": 87,
    "jumlah_guru": 40,
    "kepala_sekolah": "TRIYANTO MURJOKO, M.Pd",
    "telp_sekolah": "021 7657327",
    "akreditasi": "A",
    "latitude": -6.306298,
    "longitude": 106.778519
  },
  {
    "npsn": 20103405,
    "nama_sekolah": "SLB B - C Karya Guna",
    "alamat": "Jl. Cipinang Jaya V BB No. 10",
    "kelurahan": "Cipinang Besar Selatan",
    "kecamatan": "Jatinegara",
    "jumlah_siswa": 57,
    "jumlah_guru": 8,
    "kepala_sekolah": "Rini Rahmawigati, S.S, S.Pd",
    "telp_sekolah": "021 8503445",
    "akreditasi": "A",
    "latitude": "",
    "longitude": ""
  },
  {
    "npsn": 20103406,
    "nama_sekolah": "SLB BC Bina Karya Insani",
    "alamat": "Jl. Balai Rakyat I No.8",
    "kelurahan": "Pondok Bambu",
    "kecamatan": "Duren Sawit",
    "jumlah_siswa": 105,
    "jumlah_guru": 17,
    "kepala_sekolah": "SRI WINARSIH.S.Pd",
    "telp_sekolah": "021 86608879",
    "akreditasi": "A",
    "latitude": "",
    "longitude": ""
  },
  {
    "npsn": 20103408,
    "nama_sekolah": "SLB Abdi Gumelar B - C",
    "alamat": "Jl. Swadaya No. 74",
    "kelurahan": "Lubang Buaya",
    "kecamatan": "Cipayung",
    "jumlah_siswa": 0,
    "jumlah_guru": 8,
    "kepala_sekolah": "Suradi",
    "telp_sekolah": "021 84998816",
    "akreditasi": "B",
    "latitude": "",
    "longitude": ""
  },
  {
    "npsn": 20103432,
    "nama_sekolah": "SLB Kembar Karya Pembangunan I",
    "alamat": "Jl. Bunga Rampai III/22",
    "kelurahan": "Malaka Jaya",
    "kecamatan": "Duren Sawit",
    "jumlah_siswa": 117,
    "jumlah_guru": 10,
    "kepala_sekolah": "YUNI KUSWARTA",
    "telp_sekolah": "021 86612265",
    "akreditasi": "B",
    "latitude": "",
    "longitude": ""
  },
  {
    "npsn": 20103433,
    "nama_sekolah": "SLB Rawinala",
    "alamat": "Jl. Inerbang No. 38",
    "kelurahan": "Batu Ampar",
    "kecamatan": "Kramat Jati",
    "jumlah_siswa": 58,
    "jumlah_guru": 15,
    "kepala_sekolah": "Budi Prasojo",
    "telp_sekolah": "021 8090407",
    "akreditasi": "Tidak Terakreditasi",
    "latitude": "",
    "longitude": ""
  },
  {
    "npsn": 20104318,
    "nama_sekolah": "SLB B Frobel Montessori",
    "alamat": "Gg. Masjid Al-Mabruq",
    "kelurahan": "Balekambang",
    "kecamatan": "Kramat Jati",
    "jumlah_siswa": 2,
    "jumlah_guru": 6,
    "kepala_sekolah": "Nunung Nurjanah, S.Pd",
    "telp_sekolah": "021 8001637",
    "akreditasi": "B",
    "latitude": "",
    "longitude": ""
  },
  {
    "npsn": 20106233,
    "nama_sekolah": "SLB Amal Mulia BC",
    "alamat": "Jl. Masjid Al-Mubarok No. 16",
    "kelurahan": "Cipulir",
    "kecamatan": "Kebayoran Lama",
    "jumlah_siswa": 76,
    "jumlah_guru": 10,
    "kepala_sekolah": "Nurul Mukarromah, S.Pd",
    "telp_sekolah": "021 7239778",
    "akreditasi": "B",
    "latitude": "",
    "longitude": ""
  },
  {
    "npsn": 20106236,
    "nama_sekolah": "SLB B-C Flora Indonesia",
    "alamat": "Kemandoran VI/1",
    "kelurahan": "Grogol Utara",
    "kecamatan": "Kebayoran Lama",
    "jumlah_siswa": 54,
    "jumlah_guru": 13,
    "kepala_sekolah": "SUTAPA",
    "telp_sekolah": "021 5487446",
    "akreditasi": "B",
    "latitude": -6.2169,
    "longitude": 106.819702
  },
  {
    "npsn": 20108947,
    "nama_sekolah": "SDLB C Kuntum Mekar 02",
    "alamat": "Jl. Bima N0. 21",
    "kelurahan": "Tegal Alur",
    "kecamatan": "Kalideres",
    "jumlah_siswa": 0,
    "jumlah_guru": 6,
    "kepala_sekolah": "Drs. Binu",
    "telp_sekolah": "021 55561920",
    "akreditasi": "A",
    "latitude": "",
    "longitude": ""
  },
  {
    "npsn": 20108948,
    "nama_sekolah": "SDLB B Kuntum Mekar 01",
    "alamat": "Jl. Mushalla Blok K.1 No. 21",
    "kelurahan": "Tegal Alur",
    "kecamatan": "Kalideres",
    "jumlah_siswa": 44,
    "jumlah_guru": 9,
    "kepala_sekolah": "Drs. Binu",
    "telp_sekolah": "",
    "akreditasi": "",
    "latitude": "",
    "longitude": ""
  },
  {
    "npsn": 20108949,
    "nama_sekolah": "SLB Pangudi Luhur",
    "alamat": "Jl. Pesanggrahan 125 Kembangan",
    "kelurahan": "Kembangan Selatan",
    "kecamatan": "Kembangan",
    "jumlah_siswa": 229,
    "jumlah_guru": 52,
    "kepala_sekolah": "ANTONIUS WAGIMAN",
    "telp_sekolah": "021 5804223",
    "akreditasi": "A",
    "latitude": "",
    "longitude": ""
  },
  {
    "npsn": 20108949,
    "nama_sekolah": "SMPLB Pangudi Luhur",
    "alamat": "Jl. Pesanggrahan 125 Kembangan",
    "kelurahan": "Kembangan Selatan",
    "kecamatan": "Kembangan",
    "jumlah_siswa": 0,
    "jumlah_guru": "",
    "kepala_sekolah": "",
    "telp_sekolah": "",
    "akreditasi": "",
    "latitude": "",
    "longitude": ""
  },
  {
    "npsn": 20109195,
    "nama_sekolah": "SLB C Angkasa",
    "alamat": "Jl. Rajawali Raya Halim Perdanakusuma",
    "kelurahan": "Halim Perdana Kusumah",
    "kecamatan": "Makasar",
    "jumlah_siswa": 0,
    "jumlah_guru": 8,
    "kepala_sekolah": "Marjiah.S.Pd",
    "telp_sekolah": "021 8019076",
    "akreditasi": "B",
    "latitude": -6.254056,
    "longitude": 106.891273
  },
  {
    "npsn": 20109280,
    "nama_sekolah": "SLB Negeri 7 Jakarta",
    "alamat": "Jl. Griya Wartawan",
    "kelurahan": "Cipinang Besar Selatan",
    "kecamatan": "Jatinegara",
    "jumlah_siswa": 264,
    "jumlah_guru": 49,
    "kepala_sekolah": "Andriyastuti, M. Pd",
    "telp_sekolah": "021 85915261",
    "akreditasi": "A",
    "latitude": "",
    "longitude": ""
  },
  {
    "npsn": 20109284,
    "nama_sekolah": "SLB B-C Assyafi'iyah",
    "alamat": "Jl. As-Syafi'iyah No. 37",
    "kelurahan": "Cilangkap",
    "kecamatan": "Cipayung",
    "jumlah_siswa": 0,
    "jumlah_guru": 9,
    "kepala_sekolah": "Wahyudiyono, S.Pd",
    "telp_sekolah": "",
    "akreditasi": "Tidak Terakreditasi",
    "latitude": "",
    "longitude": ""
  },
  {
    "npsn": 20109285,
    "nama_sekolah": "SLB C Asih Budi II",
    "alamat": "Jl. Pendidikan",
    "kelurahan": "Duren Sawit",
    "kecamatan": "Duren Sawit",
    "jumlah_siswa": 46,
    "jumlah_guru": 15,
    "kepala_sekolah": "YANI SURYANI",
    "telp_sekolah": "021 8625208",
    "akreditasi": "A",
    "latitude": -6.229505,
    "longitude": 106.9189
  },
  {
    "npsn": 20109328,
    "nama_sekolah": "SMP/SMKLB C Tri Asih",
    "alamat": "Jl. Karmel Raya No. 2",
    "kelurahan": "Kebon Jeruk",
    "kecamatan": "Kebon Jeruk",
    "jumlah_siswa": 31,
    "jumlah_guru": 11,
    "kepala_sekolah": "Fransisca Jumiati, S.Pd",
    "telp_sekolah": "021 5301741",
    "akreditasi": "A",
    "latitude": -6.1887,
    "longitude": 106.779999
  },
  {
    "npsn": 20109416,
    "nama_sekolah": "SLB D-D1 YPAC Jakarta",
    "alamat": "Jl. Hang Lekiu III No. 19",
    "kelurahan": "Gunung",
    "kecamatan": "Kebayoran Baru",
    "jumlah_siswa": 78,
    "jumlah_guru": 29,
    "kepala_sekolah": "DRS. HERU HAERUDIN, M.Pd.",
    "telp_sekolah": "021 7396806",
    "akreditasi": "A",
    "latitude": -6.23572,
    "longitude": 106.793129
  },
  {
    "npsn": 20109425,
    "nama_sekolah": "SLB Negeri 01",
    "alamat": "Jl. Pertanian Raya",
    "kelurahan": "Lebak Bulus",
    "kecamatan": "Cilandak",
    "jumlah_siswa": 246,
    "jumlah_guru": 48,
    "kepala_sekolah": "RATMARTINI, S.Pd",
    "telp_sekolah": "021 7696074",
    "akreditasi": "A",
    "latitude": -6.306138,
    "longitude": 106.778748
  },
  {
    "npsn": 20109427,
    "nama_sekolah": "SMALB Negeri 01",
    "alamat": "Jl. Pertanian Raya",
    "kelurahan": "Lebak Bulus",
    "kecamatan": "Cilandak",
    "jumlah_siswa": 3,
    "jumlah_guru": 17,
    "kepala_sekolah": "RATMARTINI, S.Pd",
    "telp_sekolah": "021 7696074",
    "akreditasi": "A",
    "latitude": -6.297213,
    "longitude": 106.77916
  },
  {
    "npsn": 20109466,
    "nama_sekolah": "SLB Ulaka Penca",
    "alamat": "Jl. Gunung Balong",
    "kelurahan": "Lebak Bulus",
    "kecamatan": "Cilandak",
    "jumlah_siswa": 27,
    "jumlah_guru": 9,
    "kepala_sekolah": "Samsi Winarni, S.Pd",
    "telp_sekolah": "021 7503660",
    "akreditasi": "A",
    "latitude": "",
    "longitude": ""
  },
  {
    "npsn": 20109479,
    "nama_sekolah": "SLB E Handayani",
    "alamat": "",
    "kelurahan": "",
    "kecamatan": "",
    "jumlah_siswa": 0,
    "jumlah_guru": 2,
    "kepala_sekolah": "Purwani Dwi Wulansih, S.Pd",
    "telp_sekolah": "",
    "akreditasi": "Tidak Terakreditasi",
    "latitude": "",
    "longitude": ""
  },
  {
    "npsn": 20109529,
    "nama_sekolah": "SLB Negeri 6",
    "alamat": "Jl. Lapangan Jabek, Komplek Mega kebon Jeruk",
    "kelurahan": "Meruya Selatan",
    "kecamatan": "Kembangan",
    "jumlah_siswa": 120,
    "jumlah_guru": 21,
    "kepala_sekolah": "Tonny Santosa, M.Pd",
    "telp_sekolah": "021 29541320",
    "akreditasi": "A",
    "latitude": -6.213452,
    "longitude": 106.741753
  },
  {
    "npsn": 20109532,
    "nama_sekolah": "SLB Alfiany",
    "alamat": "JL. PEPAYA III NO.4",
    "kelurahan": "Cengkareng Barat",
    "kecamatan": "Cengkareng",
    "jumlah_siswa": 67,
    "jumlah_guru": 14,
    "kepala_sekolah": "Sudarmaji",
    "telp_sekolah": "021 54366250",
    "akreditasi": "B",
    "latitude": "",
    "longitude": ""
  },
  {
    "npsn": 20109537,
    "nama_sekolah": "SLB Mardi Asih",
    "alamat": "Jl. Pisangan Baru Utara No IA",
    "kelurahan": "Pisangan Baru",
    "kecamatan": "Matraman",
    "jumlah_siswa": 20,
    "jumlah_guru": 2,
    "kepala_sekolah": "",
    "telp_sekolah": "021 85903940",
    "akreditasi": "",
    "latitude": "",
    "longitude": ""
  },
  {
    "npsn": 20109549,
    "nama_sekolah": "SLB BC Sejahtera",
    "alamat": "Jl. Ampera Besar Gg. E No. 41",
    "kelurahan": "Pademangan Barat",
    "kecamatan": "Pademangan",
    "jumlah_siswa": 42,
    "jumlah_guru": 8,
    "kepala_sekolah": "IIS SAYIBAH",
    "telp_sekolah": "021 64711315",
    "akreditasi": "B",
    "latitude": "",
    "longitude": ""
  },
  {
    "npsn": 20109552,
    "nama_sekolah": "SLB BC Kasih Bunda",
    "alamat": "Jl. Duri Selatan V Gg L1 No. 15",
    "kelurahan": "Tambora",
    "kecamatan": "Tambora",
    "jumlah_siswa": 0,
    "jumlah_guru": 7,
    "kepala_sekolah": "MARYATI SRI SUPADMI, S Pd",
    "telp_sekolah": "021 6333318",
    "akreditasi": "B",
    "latitude": -6.159474,
    "longitude": 106.805351
  },
  {
    "npsn": 20109554,
    "nama_sekolah": "SLB BC Harapan Ibu",
    "alamat": "Jl. Kemayoran Gempol No. 20",
    "kelurahan": "Kebon Kosong",
    "kecamatan": "Kemayoran",
    "jumlah_siswa": 0,
    "jumlah_guru": 8,
    "kepala_sekolah": "Suwarto",
    "telp_sekolah": "021 42874573",
    "akreditasi": "B",
    "latitude": "",
    "longitude": ""
  },
  {
    "npsn": 20109970,
    "nama_sekolah": "SLB NEGERI 3",
    "alamat": "Jl. Kepu Dalam Gg X",
    "kelurahan": "Kemayoran",
    "kecamatan": "Kemayoran",
    "jumlah_siswa": 155,
    "jumlah_guru": 31,
    "kepala_sekolah": "Sentono",
    "telp_sekolah": "021 4205324",
    "akreditasi": "A",
    "latitude": "",
    "longitude": ""
  },
  {
    "npsn": 20110023,
    "nama_sekolah": "SLB Makna Bakti",
    "alamat": "Jl. Dakota V/22",
    "kelurahan": "Kemayoran",
    "kecamatan": "Kemayoran",
    "jumlah_siswa": 64,
    "jumlah_guru": 17,
    "kepala_sekolah": "Puji Maryani, S.Pd",
    "telp_sekolah": "021 90274557",
    "akreditasi": "A",
    "latitude": "",
    "longitude": ""
  },
  {
    "npsn": 20110024,
    "nama_sekolah": "SLB C Dian Grahita",
    "alamat": "Jl. Angkasa 1 Blok B 16 Kavling 1",
    "kelurahan": "Gunung Sahari Selatan",
    "kecamatan": "Kemayoran",
    "jumlah_siswa": 91,
    "jumlah_guru": 29,
    "kepala_sekolah": "SR. M. JOANNI, FSGM.",
    "telp_sekolah": "021 6540519",
    "akreditasi": "A",
    "latitude": -6.1545,
    "longitude": 106.839996
  },
  {
    "npsn": 20110151,
    "nama_sekolah": "SDLB C1 Tri Asih 1",
    "alamat": "Jl. Y. No. 33",
    "kelurahan": "Duri Selatan",
    "kecamatan": "Tambora",
    "jumlah_siswa": 0,
    "jumlah_guru": "",
    "kepala_sekolah": "",
    "telp_sekolah": "",
    "akreditasi": "",
    "latitude": "",
    "longitude": ""
  },
  {
    "npsn": 20110154,
    "nama_sekolah": "SLB C1 Sumber Asih",
    "alamat": "Jl. Arif Rahman Hakim No 5 B",
    "kelurahan": "Menteng",
    "kecamatan": "Menteng",
    "jumlah_siswa": 0,
    "jumlah_guru": "",
    "kepala_sekolah": "",
    "telp_sekolah": "",
    "akreditasi": "Tidak Terakreditasi",
    "latitude": "",
    "longitude": ""
  },
  {
    "npsn": 20110240,
    "nama_sekolah": "SDLB Dharma Asih",
    "alamat": "Jl. Prof. Dr. Latumenten No. 1",
    "kelurahan": "Jelambar",
    "kecamatan": "Grogol Petamburan",
    "jumlah_siswa": 43,
    "jumlah_guru": 10,
    "kepala_sekolah": "Silvia Wahono",
    "telp_sekolah": "",
    "akreditasi": "",
    "latitude": "",
    "longitude": ""
  },
  {
    "npsn": 20110268,
    "nama_sekolah": "SLB Dian Kahuripan",
    "alamat": "Jl. Pisangan Lama III Gg.A1 No.4",
    "kelurahan": "Pisangan Timur",
    "kecamatan": "Pulo Gadung",
    "jumlah_siswa": 42,
    "jumlah_guru": 9,
    "kepala_sekolah": "SUSI TURSIAWATY AS, S.Pd",
    "telp_sekolah": "021 4892988",
    "akreditasi": "B",
    "latitude": "",
    "longitude": ""
  },
  {
    "npsn": 20110274,
    "nama_sekolah": "SLB Sinar Kasih",
    "alamat": "Jl. Gading Raya 1 No.17",
    "kelurahan": "Pisangan Timur",
    "kecamatan": "Pulo Gadung",
    "jumlah_siswa": 73,
    "jumlah_guru": 6,
    "kepala_sekolah": "Dra. Ruslan Sianipar",
    "telp_sekolah": "021 47860416",
    "akreditasi": "Tidak Terakreditasi",
    "latitude": -6.2102,
    "longitude": 106.879501
  },
  {
    "npsn": 20110334,
    "nama_sekolah": "SLB Mini Bakti",
    "alamat": "Jl. Kayu Jati III No.7",
    "kelurahan": "Rawamangun",
    "kecamatan": "Pulo Gadung",
    "jumlah_siswa": 43,
    "jumlah_guru": 7,
    "kepala_sekolah": "HJ. ROSLINA",
    "telp_sekolah": "021 4715852",
    "akreditasi": "Tidak Terakreditasi",
    "latitude": "",
    "longitude": ""
  },
  {
    "npsn": 20110336,
    "nama_sekolah": "SLB BC Abdi Pratama",
    "alamat": "Jl. Raya Munjul No.20",
    "kelurahan": "Munjul",
    "kecamatan": "Cipayung",
    "jumlah_siswa": 83,
    "jumlah_guru": 16,
    "kepala_sekolah": "Fitri Anjarsari, S.Pd",
    "telp_sekolah": "021 8441313",
    "akreditasi": "A",
    "latitude": "",
    "longitude": ""
  },
  {
    "npsn": 20110817,
    "nama_sekolah": "SLB BC Nugraha",
    "alamat": "Jl. Mangga Ujung Lontar X No. 1",
    "kelurahan": "Tugu Utara",
    "kecamatan": "Koja",
    "jumlah_siswa": 53,
    "jumlah_guru": 11,
    "kepala_sekolah": "IWAN ROHMAN",
    "telp_sekolah": "021 4350911",
    "akreditasi": "B",
    "latitude": "",
    "longitude": ""
  },
  {
    "npsn": 20110818,
    "nama_sekolah": "SLB Cahya Jaya",
    "alamat": "Jl. Raya Kelapa Hibrida Utara RB 15",
    "kelurahan": "Pegangsaan Dua",
    "kecamatan": "Kelapa Gading",
    "jumlah_siswa": 42,
    "jumlah_guru": 7,
    "kepala_sekolah": "Titin Darwati",
    "telp_sekolah": "",
    "akreditasi": "Tidak Terakreditasi",
    "latitude": "",
    "longitude": ""
  },
  {
    "npsn": 20110819,
    "nama_sekolah": "SLB Dewi Sri Kartika",
    "alamat": "Jl. Kali Baru Barat IV No. 25",
    "kelurahan": "Kalibaru",
    "kecamatan": "Cilincing",
    "jumlah_siswa": 37,
    "jumlah_guru": 5,
    "kepala_sekolah": "Ade Solih",
    "telp_sekolah": "",
    "akreditasi": "B",
    "latitude": "",
    "longitude": ""
  },
  {
    "npsn": 20110820,
    "nama_sekolah": "SDLB C Mawar Putih",
    "alamat": "Jl. Swasembada Barat XI No. 64B",
    "kelurahan": "Kebon Bawang",
    "kecamatan": "Tanjung Priok",
    "jumlah_siswa": 49,
    "jumlah_guru": 9,
    "kepala_sekolah": "OPAN",
    "telp_sekolah": "021 4359972",
    "akreditasi": "A",
    "latitude": -6.1286,
    "longitude": 106.885498
  },
  {
    "npsn": 20110821,
    "nama_sekolah": "SLB Negeri 4 Jakarta",
    "alamat": "Jl. Bendungan Melayu No.80",
    "kelurahan": "Tugu Selatan",
    "kecamatan": "Koja",
    "jumlah_siswa": 229,
    "jumlah_guru": 36,
    "kepala_sekolah": "Sri Lestari,S.Pd.MM",
    "telp_sekolah": "021 43934727",
    "akreditasi": "A",
    "latitude": -6.13363,
    "longitude": 106.906868
  },
  {
    "npsn": 20112274,
    "nama_sekolah": "SLB Kembar Karya Pembangunan II",
    "alamat": "Jl. Bina Karya No. 2A",
    "kelurahan": "Pondok Kopi",
    "kecamatan": "Duren Sawit",
    "jumlah_siswa": 1,
    "jumlah_guru": 5,
    "kepala_sekolah": "Drs. ASEP DAHLAN, MM",
    "telp_sekolah": "021 86908703",
    "akreditasi": "B",
    "latitude": "",
    "longitude": ""
  },
  {
    "npsn": 20112403,
    "nama_sekolah": "SLB Negeri 5 Jakarta",
    "alamat": "Jl. KS Tubun III Dalam No. 37",
    "kelurahan": "Palmerah",
    "kecamatan": "Palmerah",
    "jumlah_siswa": 86,
    "jumlah_guru": 21,
    "kepala_sekolah": "Dra. EKA PRAPTI, MM",
    "telp_sekolah": "021 5349282",
    "akreditasi": "A",
    "latitude": "",
    "longitude": ""
  },
  {
    "npsn": 20112472,
    "nama_sekolah": "SLB BC Cempaka Putih",
    "alamat": "Jl. Pangkalan Asem 1 No.1",
    "kelurahan": "Cempaka Putih Barat",
    "kecamatan": "Cempaka Putih",
    "jumlah_siswa": 0,
    "jumlah_guru": 9,
    "kepala_sekolah": "HERU PURWANTAKA",
    "telp_sekolah": "021 4213734",
    "akreditasi": "B",
    "latitude": "",
    "longitude": ""
  },
  {
    "npsn": 20178285,
    "nama_sekolah": "SLB Karya Mulya",
    "alamat": "Jl. Palad Rawa Kuning No.10",
    "kelurahan": "Pulo Gebang",
    "kecamatan": "Cakung",
    "jumlah_siswa": 64,
    "jumlah_guru": "",
    "kepala_sekolah": "",
    "telp_sekolah": "",
    "akreditasi": "Tidak Terakreditasi",
    "latitude": "",
    "longitude": ""
  },
  {
    "npsn": 20218361,
    "nama_sekolah": "SLB-C Surya Winata",
    "alamat": "JL. HARAPAN INDAH XX NO. 5",
    "kelurahan": "Cipinang Melayu",
    "kecamatan": "Makasar",
    "jumlah_siswa": 20,
    "jumlah_guru": 5,
    "kepala_sekolah": "DARYANTO",
    "telp_sekolah": "021 8463776",
    "akreditasi": "B",
    "latitude": "",
    "longitude": ""
  },
  {
    "npsn": 69755838,
    "nama_sekolah": "SDLB B Budidaya",
    "alamat": "Jl. Raya bogor KM 24.5",
    "kelurahan": "Cijantung",
    "kecamatan": "Pasar Rebo",
    "jumlah_siswa": 73,
    "jumlah_guru": 4,
    "kepala_sekolah": "Drs.ERWIN MASKUR",
    "telp_sekolah": "021 8400011",
    "akreditasi": "A",
    "latitude": "",
    "longitude": ""
  },
  {
    "npsn": 69755839,
    "nama_sekolah": "SDLB C Budidaya",
    "alamat": "Jl. Raya Bogor Km 24.5 No.44",
    "kelurahan": "Cijantung",
    "kecamatan": "Pasar Rebo",
    "jumlah_siswa": 0,
    "jumlah_guru": 16,
    "kepala_sekolah": "HARI CAHYONO, S.Pd",
    "telp_sekolah": "021 84100011",
    "akreditasi": "B",
    "latitude": "",
    "longitude": ""
  },
  {
    "npsn": 69756904,
    "nama_sekolah": "SLB C & Autisma Talitakum",
    "alamat": "Jl. Panjang No. 18",
    "kelurahan": "Kebon Jeruk",
    "kecamatan": "Kebon Jeruk",
    "jumlah_siswa": 54,
    "jumlah_guru": 17,
    "kepala_sekolah": "Yetti Rachmawati",
    "telp_sekolah": "021 5323606",
    "akreditasi": "A",
    "latitude": "",
    "longitude": ""
  },
  {
    "npsn": 69756905,
    "nama_sekolah": "SLB C & Autisme Cahya Anakku",
    "alamat": "Jl. Mandala Utara VI/2",
    "kelurahan": "Tomang",
    "kecamatan": "Grogol Petamburan",
    "jumlah_siswa": 26,
    "jumlah_guru": 5,
    "kepala_sekolah": "indrianto",
    "telp_sekolah": "021 5606834",
    "akreditasi": "B",
    "latitude": "",
    "longitude": ""
  },
  {
    "npsn": 69757216,
    "nama_sekolah": "SDLB B Mawar Putih",
    "alamat": "Jl. Swasembada Barat XI No. 64B",
    "kelurahan": "Kebon Bawang",
    "kecamatan": "Tanjung Priok",
    "jumlah_siswa": 20,
    "jumlah_guru": 6,
    "kepala_sekolah": "RITA DONA",
    "telp_sekolah": "021 4359972",
    "akreditasi": "A",
    "latitude": -6.1286,
    "longitude": 106.885498
  },
  {
    "npsn": 69758113,
    "nama_sekolah": "SDLB BC Insan Harapan",
    "alamat": "Jl. Harun Raya Ujung No. 3",
    "kelurahan": "Sukabumi Utara",
    "kecamatan": "Kebon Jeruk",
    "jumlah_siswa": 36,
    "jumlah_guru": 8,
    "kepala_sekolah": "Sumadi, S.Pd",
    "telp_sekolah": "",
    "akreditasi": "",
    "latitude": "",
    "longitude": ""
  },
  {
    "npsn": 69758126,
    "nama_sekolah": "SLB Talenta",
    "alamat": "Jl. Let Jend. S. Parman Flat A-1",
    "kelurahan": "Slipi",
    "kecamatan": "Palmerah",
    "jumlah_siswa": 0,
    "jumlah_guru": 2,
    "kepala_sekolah": "Febrina Sampepayung",
    "telp_sekolah": "021 53672989",
    "akreditasi": "Tidak Terakreditasi",
    "latitude": "",
    "longitude": ""
  },
  {
    "npsn": 69759296,
    "nama_sekolah": "SLB-C Daya Pelita Kasih",
    "alamat": "Jl. Jati Padang Utara No. 8A-8B, Pejaten",
    "kelurahan": "Jati Padang",
    "kecamatan": "Pasar Minggu",
    "jumlah_siswa": 34,
    "jumlah_guru": 15,
    "kepala_sekolah": "Iwan Sintera Togi Aritonang",
    "telp_sekolah": "021 7807313",
    "akreditasi": "Tidak Terakreditasi",
    "latitude": -6.2993,
    "longitude": 106.837898
  },
  {
    "npsn": 69762617,
    "nama_sekolah": "SLB Sarana Terpadu",
    "alamat": "Jl. TB Simatupang Kav 38",
    "kelurahan": "Jati Padang",
    "kecamatan": "Pasar Minggu",
    "jumlah_siswa": 0,
    "jumlah_guru": "",
    "kepala_sekolah": "",
    "telp_sekolah": "",
    "akreditasi": "Tidak Terakreditasi",
    "latitude": "",
    "longitude": ""
  },
  {
    "npsn": 69764532,
    "nama_sekolah": "SLB Pelita Hati",
    "alamat": "Komp. Bumi Harapan Permai Blok C 16",
    "kelurahan": "Dukuh",
    "kecamatan": "Kramat Jati",
    "jumlah_siswa": 22,
    "jumlah_guru": 10,
    "kepala_sekolah": "Sri Utami A.M Soedarsono",
    "telp_sekolah": "021 8410081",
    "akreditasi": "A",
    "latitude": "",
    "longitude": ""
  },
  {
    "npsn": 69766211,
    "nama_sekolah": "SLB C Kyriakon",
    "alamat": "Jl. Swadarma Kampung Baru VI No. 8",
    "kelurahan": "Ulujami",
    "kecamatan": "Pesanggrahan",
    "jumlah_siswa": 1,
    "jumlah_guru": 4,
    "kepala_sekolah": "KRIS SRI RAHAYU",
    "telp_sekolah": "021 58905934",
    "akreditasi": "A",
    "latitude": -6.1715,
    "longitude": 106.838501
  },
  {
    "npsn": 69872299,
    "nama_sekolah": "SLB B Taman Latihan Santi Rama",
    "alamat": "Jl. Kramat VII No. 13",
    "kelurahan": "Kenari",
    "kecamatan": "Senen",
    "jumlah_siswa": 0,
    "jumlah_guru": 17,
    "kepala_sekolah": "TAUFIK HIDAYATI",
    "telp_sekolah": "021 3140047",
    "akreditasi": "A",
    "latitude": -6.188939,
    "longitude": 106.844292
  },
  {
    "npsn": 69872300,
    "nama_sekolah": "SLB B - C Karya Mandiri",
    "alamat": "Nusa Indah IV/2",
    "kelurahan": "Malaka Jaya",
    "kecamatan": "Duren Sawit",
    "jumlah_siswa": 12,
    "jumlah_guru": 9,
    "kepala_sekolah": "Dra. Endang Hersilowaati",
    "telp_sekolah": "",
    "akreditasi": "Tidak Terakreditasi",
    "latitude": "",
    "longitude": ""
  },
  {
    "npsn": 69892372,
    "nama_sekolah": "SLB Matahati",
    "alamat": "Jl. Olahraga VI No. 4",
    "kelurahan": "Kemanggisan",
    "kecamatan": "Palmerah",
    "jumlah_siswa": 11,
    "jumlah_guru": 4,
    "kepala_sekolah": "Magdalena Hutabarat",
    "telp_sekolah": "021 5483942",
    "akreditasi": "Tidak Terakreditasi",
    "latitude": "",
    "longitude": ""
  },
  {
    "npsn": 69900890,
    "nama_sekolah": "SLB Bina Insan Kamil",
    "alamat": "Jl. Peta Barat Blok B No. 1",
    "kelurahan": "Kalideres",
    "kecamatan": "Kalideres",
    "jumlah_siswa": 48,
    "jumlah_guru": 9,
    "kepala_sekolah": "AYI RUSTIKA S.Pd",
    "telp_sekolah": "021 5418978",
    "akreditasi": "Tidak Terakreditasi",
    "latitude": "",
    "longitude": ""
  },
  {
    "npsn": 90109004,
    "nama_sekolah": "SLB C Frobel Montessori",
    "alamat": "Gg. Masjid Al-Mabruq",
    "kelurahan": "Balekambang",
    "kecamatan": "Kramat Jati",
    "jumlah_siswa": 7,
    "jumlah_guru": 6,
    "kepala_sekolah": "Sunarti, S.Pd, M.Si",
    "telp_sekolah": "021 8001637",
    "akreditasi": "B",
    "latitude": "",
    "longitude": ""
  },
  {
    "npsn": "",
    "nama_sekolah": "PLB Nusantara",
    "alamat": "Jalan SMP 211 No.12",
    "kelurahan": "Srengseng Sawah",
    "kecamatan": "Jagakarsa",
    "jumlah_siswa": 56,
    "jumlah_guru": 10,
    "kepala_sekolah": "Sujono",
    "telp_sekolah": "021 78885475",
    "akreditasi": "Tidak Terakreditasi",
    "latitude": -6.352569,
    "longitude": 106.824799
  },
  {
    "npsn": "",
    "nama_sekolah": "SDLB C Tri Asih II",
    "alamat": "Jl. Karmel Raya No. 2",
    "kelurahan": "Kebon Jeruk",
    "kecamatan": "Kebon Jeruk",
    "jumlah_siswa": 25,
    "jumlah_guru": 10,
    "kepala_sekolah": "Yasinta Kartini, S.Pd",
    "telp_sekolah": "021 5301741",
    "akreditasi": "A",
    "latitude": -6.1887,
    "longitude": 106.779999
  },
  {
    "npsn": "",
    "nama_sekolah": "SLB BC Arrahman",
    "alamat": "Jl. DR. Saharjo No. 100",
    "kelurahan": "Setia Budi",
    "kecamatan": "Setia Budi",
    "jumlah_siswa": 0,
    "jumlah_guru": 11,
    "kepala_sekolah": "PARTO",
    "telp_sekolah": "021 8304856",
    "akreditasi": "A",
    "latitude": "",
    "longitude": ""
  },
  {
    "npsn": "",
    "nama_sekolah": "SDLB Sarana Terpadu",
    "alamat": "JL. KAHFI I",
    "kelurahan": "Jati Padang",
    "kecamatan": "Pasar Minggu",
    "jumlah_siswa": 0,
    "jumlah_guru": "",
    "kepala_sekolah": "",
    "telp_sekolah": "",
    "akreditasi": "A",
    "latitude": "",
    "longitude": ""
  },
  {
    "npsn": "",
    "nama_sekolah": "SDLB Bhakti Luhur",
    "alamat": "Jl. Merak II Blok N3/39 Sektor I",
    "kelurahan": "Bintaro",
    "kecamatan": "Pesanggrahan",
    "jumlah_siswa": 0,
    "jumlah_guru": 14,
    "kepala_sekolah": "Sr. Cicilia Rukiyah, S.Pd",
    "telp_sekolah": "",
    "akreditasi": "",
    "latitude": "",
    "longitude": ""
  },
  {
    "npsn": "",
    "nama_sekolah": "SLB Kusumo Asih",
    "alamat": "JL. RAYA PENGGILINGAN NO.137",
    "kelurahan": "",
    "kecamatan": "",
    "jumlah_siswa": 39,
    "jumlah_guru": 6,
    "kepala_sekolah": "Tri Jaka Susila, S.Pd.",
    "telp_sekolah": "",
    "akreditasi": "",
    "latitude": "",
    "longitude": ""
  }
]